{"cameraMode":{"drawMode":0,"name":"Shaded","section":"Shading Mode"},"sceneLighting":false,"audioPlay":false,"sceneViewState":{"showFog":true,"showMaterialUpdate":false,"showSkybox":true,"showFlares":true,"showImageEffects":true,"showParticleSystems":true},"in2DMode":false,"pivot":{"x":-14.117508888244629,"y":-9.581762313842774,"z":-21.107471466064454},"rotation":{"x":-0.051762279123067859,"y":0.9442542791366577,"z":-0.1809253841638565,"w":-0.27019649744033816},"size":51.63174819946289,"orthographic":false}